Project,NewC,BCT,NewB,BFR,DSN stability,DSN size,DSN density,DSN bridges,DSN k-stars (k=3),C#,C++,Ruby,Python,Go,C,Java,JavaScript-like,PHP,other language,System,CN,SP,DET,AI,DS,GE,Mobile,other domain,sponsor,size,experience
homebrew-cask,902.7222222,16435.72062,2.75,0.929292929,0.009744695,672,0.000240392,168,79,0,0,1,0,0,0,0,0,0,0,1,0,0,0,0,0,0,0,0,1,1341,364.0856957
Cataclysm-DDA,995.1388889,37224.60231,1.194444444,1.534883721,0.026534155,663,3.85E-05,44,72,0,1,0,0,0,0,0,0,0,0,0,0,0,0,0,0,1,0,0,0,491,758.0447608
framework,323.3611111,29083.38581,7.555555556,1.411764706,0.003204642,3418,1.86E-05,462,371,0,0,0,0,0,0,0,0,1,0,0,0,0,1,0,0,0,0,0,0,937,652.8322061
istio,294.1388889,37161.56951,13.91666667,0.774451098,0.004966305,2753,1.51E-05,258,271,0,0,0,0,1,0,0,0,0,0,0,1,0,0,0,0,0,0,0,0,64,1172.326084
bitcoin,124.7777778,33398.97454,1.388888889,1.24,0.016144062,508,0.000223836,52,81,0,1,0,0,0,0,0,0,0,0,0,0,0,0,0,0,1,0,0,0,163,410.5107523
sourcegraph,8.833333333,5407.763889,0.444444444,0.6875,0.071390799,62,0.005331957,18,12,0,0,0,0,1,0,0,0,0,0,0,0,0,0,0,0,0,0,1,0,9,1441.939599
ardupilot,372.2777778,36467.42824,1.805555556,0.938461538,0.014424069,631,0.000144574,88,67,0,1,0,0,0,0,0,0,0,0,0,0,0,0,1,0,0,0,0,0,40,717.6731258
radare2,171.5555556,28011.27081,3.888888889,0.842857143,0.031785346,171,0.001322649,47,28,0,0,0,0,0,1,0,0,0,0,0,0,1,0,0,0,0,0,0,1,54,572.5864899
openssl,179.5833333,12939.29405,1.25,1.088888889,0.017926477,270,0.001048939,65,31,0,0,0,0,0,1,0,0,0,0,0,0,1,0,0,0,0,0,0,1,29,1010.295071
numpy,112.5,34031.52639,2,1.236111111,0.009723639,633,0.000291081,141,109,0,0,0,1,0,0,0,0,0,0,0,0,0,1,0,0,0,0,0,1,261,818.6814997
chef,247.0277778,32108.20401,1.805555556,1.769230769,0.006973367,1033,0.000136076,178,120,0,0,1,0,0,0,0,0,0,0,0,0,0,1,0,0,0,0,0,0,286,1401.151557
cdnjs,138.5833333,5049.888889,0.305555556,0.909090909,0.02025757,170,0.00283187,56,38,0,0,0,0,0,0,0,1,0,0,0,0,0,1,0,0,0,0,0,0,776,809.4091532
openlayers,297.6388889,17917.45284,1.972222222,0.830985915,0.019782916,326,0.000523973,68,48,0,0,0,0,0,0,0,1,0,0,0,0,0,1,0,0,0,0,0,1,88,951.4444213
Ghost,176.0555556,31668.84167,1.416666667,1.37254902,0.006254982,1412,6.76E-05,234,153,0,0,0,0,0,0,0,1,0,0,0,0,0,0,0,0,0,0,1,1,270,936.4429913
elixir,170.5,25619.13426,1.166666667,0.928571429,0.026851429,199,0.001181079,52,34,0,0,0,0,0,0,0,0,0,1,0,0,0,1,0,0,0,0,0,0,139,650.1718924
PowerShell,152.8333333,34327.97222,1.25,0.955555556,0.007605019,1373,5.11E-05,170,156,1,0,0,0,0,0,0,0,0,0,0,0,0,1,0,0,0,0,0,0,61,612.4975916
metamask-extension,237.1666667,29387.34028,1.222222222,1.136363636,0.00445598,1757,6.92E-05,250,198,0,0,0,0,0,0,0,1,0,0,0,1,0,0,0,0,0,0,0,0,99,1017.303939
grpc-java,67.55555556,35298.88611,1.361111111,1.040816327,0.01388029,422,0.000495969,72,53,0,0,0,0,0,0,1,0,0,0,0,0,0,1,0,0,0,0,0,0,42,717.6840157
rpcs3,130.5833333,31461.0537,1.722222222,0.967741935,0.046748318,187,0.000547502,14,27,0,1,0,0,0,0,0,0,0,0,0,0,0,0,0,0,1,0,0,1,72,572.9787069
react-native-windows,33.83333333,29532.9838,1.888888889,0.794117647,0.016495389,276,0.001157742,65,32,0,1,0,0,0,0,0,0,0,0,0,0,0,1,0,0,0,0,0,0,12,852.0383932
spring-boot,226.1111111,28722.91574,2,0.805555556,0.004062815,1670,9.21E-05,358,260,0,0,0,0,0,0,1,0,0,0,0,0,0,1,0,0,0,0,0,0,28,905.5646362
curl,104.6111111,29533.20988,3.083333333,1.081081081,0.005910762,724,0.000473628,202,119,0,0,0,0,0,1,0,0,0,0,0,0,0,0,0,0,0,0,1,1,22,1602.298317
codecombat,359.5833333,31682.89806,4.5,0.956790123,0.015984691,327,0.000763528,74,48,0,0,0,0,0,0,0,1,0,0,0,0,0,0,0,0,1,0,0,0,549,772.7872454
MonoGame,206.1944444,30620.08218,2.583333333,0.666666667,0.017333128,484,0.000221077,67,64,1,0,0,0,0,0,0,0,0,0,0,0,0,1,0,0,0,0,0,1,203,344.2594074
theia,119.6111111,33583.21759,1.361111111,0.816326531,0.017836662,390,0.00038117,78,56,0,0,0,0,0,0,0,1,0,0,0,0,0,1,0,0,0,0,0,0,52,1538.65592
sequelize,60.88888889,20642.97222,0.944444444,0.882352941,0.022443239,316,0.000447423,70,46,0,0,0,0,0,0,0,1,0,0,0,0,0,0,0,1,0,0,0,1,98,453.9241898
monica,66.30555556,34885.48611,1.388888889,1.14,0.011406594,524,0.000375101,105,74,0,0,0,0,0,0,0,0,1,0,0,0,0,0,0,0,1,0,0,1,3,1259.115071
ingress-nginx,117.6944444,31557.98337,5,1.066666667,0.003674667,2124,5.76E-05,306,249,0,0,0,0,1,0,0,0,0,0,0,1,0,0,0,0,0,0,0,0,314,1315.100855
darkreader,8.916666667,7089.361111,0.444444444,0.25,0.094357077,47,0.006926024,15,6,0,0,0,0,0,0,0,1,0,0,0,0,0,0,0,0,0,0,1,1,12,561.4965493
parse-server,65.55555556,30631.9113,3.694444444,1.240601504,0.005648535,2011,2.98E-05,194,230,0,0,0,0,0,0,0,1,0,0,0,0,0,1,0,0,0,0,0,1,73,1328.720771
jerryscript,46.61111111,39310.86111,1.361111111,0.897959184,0.083661417,128,0.000527713,17,11,0,0,0,0,0,1,0,0,0,0,0,0,0,1,0,0,0,0,0,0,41,809.1818201
cypress,266.6666667,23316.98241,1.583333333,0.842105263,0.01662017,536,0.000176784,80,49,0,0,0,0,0,0,0,1,0,0,0,0,0,1,0,0,0,0,0,0,16,960.5537917
Chart.js,37.47222222,23174.40146,1.25,1.177777778,0.00596628,1474,6.55E-05,232,141,0,0,0,0,0,0,0,1,0,0,0,0,0,0,0,1,0,0,0,0,99,600.44961
material,121.3333333,30645.62607,2.166666667,1.435897436,0.003026533,5398,5.43E-06,488,437,0,0,0,0,0,0,0,1,0,0,0,0,0,0,0,0,0,0,1,0,30,1064.412209
codesandbox-client,112.4444444,32752.72507,2.166666667,1.282051282,0.004202456,1346,0.000160966,289,212,0,0,0,0,0,0,0,1,0,0,0,0,0,1,0,0,0,0,0,0,34,1351.160452
sway,117.3888889,19750.19491,2.166666667,0.820512821,0.014295395,530,0.000240936,94,67,0,0,0,0,0,1,0,0,0,0,0,0,0,0,0,0,0,0,1,0,156,1105.963273
TiddlyWiki5,158.1944444,18865.7037,1,1.055555556,0.040667859,130,0.001814857,38,14,0,0,0,0,0,0,0,1,0,0,0,0,0,0,0,0,0,0,1,0,63,601.1190008
borg,118.7222222,36322.8912,1.5,0.888888889,0.010251077,636,0.000268269,108,101,0,0,0,1,0,0,0,0,0,0,1,0,0,0,0,0,0,0,0,1,112,1385.701434
realm-cocoa,193.75,29763.82606,2.194444444,1.278481013,0.005510838,1896,3.66E-05,278,223,0,0,0,0,0,0,0,0,0,1,0,0,0,0,0,0,0,1,0,0,92,1156.244311
aws-cli,89.86111111,36984.23241,1.583333333,1.122807018,0.008440092,764,0.000219321,180,86,0,0,0,1,0,0,0,0,0,0,0,1,0,0,0,0,0,0,0,0,65,723.4865532
keystone-classic,194.6666667,34601.02361,1.972222222,1.042253521,0.015078275,827,6.05E-05,78,78,0,0,0,0,0,0,0,1,0,0,0,0,0,1,0,0,0,0,0,0,206,855.6847618
amplify-js,171.8611111,29218.76111,2.222222222,0.95,0.002931975,4331,1.12E-05,282,319,0,0,0,0,0,0,0,1,0,0,0,0,0,1,0,0,0,0,0,0,126,1480.013952
notepad-plus-plus,35.91666667,31751.88558,3.916666667,0.638297872,0.00376162,1648,0.000108504,398,184,0,1,0,0,0,0,0,0,0,0,0,0,0,1,0,0,0,0,0,0,34,707.3978542
blueprint,46.66666667,35066.47685,1.472222222,0.867924528,0.009326095,659,0.000277971,157,75,0,0,0,0,0,0,0,1,0,0,0,0,0,1,0,0,0,0,0,0,12,1509.908569
caffe,99.55555556,39849.35539,7.666666667,1.047101449,0.004650744,2043,4.10E-05,279,162,0,1,0,0,0,0,0,0,0,0,0,0,0,0,1,0,0,0,0,0,213,792.2660199
redux,72.63888889,20131.82037,2.222222222,0.9875,0.006361395,1699,3.84E-05,229,163,0,0,0,0,0,0,0,1,0,0,0,0,0,1,0,0,0,0,0,1,333,1214.51585
mitmproxy,41.27777778,8605.236111,0.305555556,1.181818182,0.023865723,124,0.004920635,43,22,0,0,0,1,0,0,0,0,0,0,0,1,0,0,0,0,0,0,0,1,58,419.3666268
prometheus-operator,87.08333333,33117.64676,2.25,0.913580247,0.007023122,1058,0.000127646,145,149,0,0,0,0,1,0,0,0,0,0,0,1,0,0,0,0,0,0,0,0,236,1361.06627
flask,38.61111111,12379.0662,1.194444444,0.674418605,0.018821758,231,0.001429491,67,39,0,0,0,1,0,0,0,0,0,0,0,0,0,1,0,0,0,0,0,1,101,436.3067793
cert-manager,110.0555556,25437.78241,1.222222222,1.159090909,0.005970859,1674,4.61E-05,158,150,0,0,0,0,1,0,0,0,0,0,0,0,0,0,0,0,0,0,1,0,184,1879.3346
kakoune,79.75,26518.00463,0.944444444,0.941176471,0.074592075,78,0.002652791,19,9,0,1,0,0,0,0,0,0,0,0,0,0,0,1,0,0,0,0,0,0,52,950.5463316
notebook,103.1111111,30980.93965,2.694444444,0.979381443,0.006539632,1285,8.19E-05,208,165,0,0,0,0,0,0,0,0,0,1,0,0,0,0,0,1,0,0,0,0,189,1462.510787
qutebrowser,291.3611111,34534.73559,6.194444444,0.905829596,0.012379269,463,0.000442562,123,46,0,0,0,1,0,0,0,0,0,0,0,0,0,0,0,0,1,0,0,1,162,809.0920214
go,293.8611111,0,17.77777778,0,0.069429098,181,0.00027733,12,17,0,0,0,0,1,0,0,0,0,0,0,0,0,1,0,0,0,0,0,0,35,322.9796354
karma,35.69444444,29617.13657,1.555555556,0.946428571,0.008651283,911,0.00013291,118,106,0,0,0,0,0,0,0,1,0,0,0,0,0,1,0,0,0,0,0,0,111,586.8117354
directus,0,20875.40833,1.722222222,0.903225806,0.094252874,30,0.024489796,9,9,0,0,0,0,0,0,0,1,0,0,0,0,0,0,0,1,0,0,0,1,0,600.899945
phpunit,51.94444444,26558.68419,2.333333333,0.833333333,0.011164664,444,0.000576129,144,53,0,0,0,0,0,0,0,0,1,0,0,0,0,1,0,0,0,0,0,1,94,252.3733999
KaTeX,12.22222222,9995.486111,0.638888889,0.695652174,0.043546798,175,0.000721483,34,17,0,0,0,0,0,0,0,1,0,0,0,0,0,0,0,0,0,0,1,1,39,925.1570827
snipe-it,27.66666667,27943.44748,2.083333333,1.293333333,0.005904102,969,0.00021228,253,132,0,0,0,0,0,0,0,0,1,0,0,0,0,0,0,1,0,0,0,1,8,845.6763457
streamlink,51.02777778,35576.37593,1.555555556,1.142857143,0.010334392,862,0.000110916,109,118,0,0,0,1,0,0,0,0,0,0,0,0,0,0,0,0,1,0,0,1,57,1343.692082
react-select,47.36111111,18544.18241,1.611111111,0.603448276,0.005032491,1748,5.61E-05,215,199,0,0,0,0,0,0,0,1,0,0,0,0,0,1,0,0,0,0,0,0,228,1314.296914
antlr4,85.22222222,27179.25185,1.611111111,0.965517241,0.031839129,155,0.001795644,36,24,0,0,0,0,0,0,1,0,0,0,0,0,0,0,0,1,0,0,0,0,26,291.4476196
materialize,92.16666667,32475.24922,2.555555556,1.77173913,0.003200674,3166,2.33E-05,437,332,0,0,0,0,0,0,0,1,0,0,0,0,0,1,0,0,0,0,0,0,222,828.1676522
kanboard,88.61111111,28069.32331,4.25,0.810457516,0.006851157,995,0.000151899,229,112,0,0,0,0,0,0,0,0,1,0,0,0,0,0,0,0,0,0,1,0,167,808.6259992
swift-nio,32.72222222,33146.19722,1.194444444,0.930232558,0.037208086,152,0.001433557,34,15,0,0,0,0,0,0,0,0,0,1,0,1,0,0,0,0,0,0,0,0,7,2093.635898
dogecoin,211.8888889,17274.51164,1.305555556,0.872340426,0.025135478,295,0.000462466,40,37,0,1,0,0,0,0,0,0,0,0,0,0,0,0,0,0,1,0,0,0,301,892.3700468
pipenv,181.6111111,33032.64504,1.888888889,1.073529412,0.00356531,2467,3.96E-05,316,310,0,0,0,1,0,0,0,0,0,0,0,0,0,1,0,0,0,0,0,1,228,1614.534032
duktape,165.8333333,31214.0162,2.416666667,0.896551724,0.03244966,118,0.003424956,39,12,0,0,0,0,0,0,0,1,0,0,0,0,0,1,0,0,0,0,0,0,30,934.8449769
administrate,14.38888889,24164.0162,1.361111111,0.836734694,0.013514282,563,0.000230857,71,53,0,0,1,0,0,0,0,0,0,0,0,0,0,1,0,0,0,0,0,1,23,1594.156717
puma,23.08333333,18036.12963,0.972222222,0.914285714,0.019726376,449,0.000217378,50,58,0,0,1,0,0,0,0,0,0,0,0,1,0,0,0,0,0,0,0,0,121,896.7173239
guzzle,63.11111111,22614.65271,1.861111111,1.014925373,0.00878466,322,0.001828289,140,36,0,0,0,0,0,0,0,0,1,0,0,1,0,0,0,0,0,0,0,1,175,622.5312787
mybatis-3,19.91666667,22227.925,1.416666667,0.823529412,0.015427136,200,0.002719756,77,11,0,0,0,0,0,0,1,0,0,0,0,0,0,1,0,0,0,0,0,0,58,650.1792361
workbox,23.97222222,27807.53919,1.861111111,1.134328358,0.010642006,429,0.000732203,106,72,0,0,0,0,0,0,0,1,0,0,0,0,0,1,0,0,0,0,0,0,10,1434.405143
mackup,43.22222222,4890.092593,0.25,0.888888889,0.024554942,181,0.001807686,48,19,0,0,0,1,0,0,0,0,0,0,1,0,0,0,0,0,0,0,0,1,198,653.2400787
WinObjC,97.55555556,21586.09339,1.25,1.333333333,0.030947441,241,0.000554306,38,24,0,0,0,0,0,1,0,0,0,0,0,0,0,1,0,0,0,0,0,0,66,704.1168487
emotion,38.88888889,34210.31944,1.555555556,0.839285714,0.007948261,936,0.000141404,162,95,0,0,0,0,0,0,0,1,0,0,0,0,0,1,0,0,0,0,0,1,11,1714.573756
eslint-plugin-react,47.97222222,29423.9998,1.555555556,1.267857143,0.006523152,888,0.00023138,202,122,0,0,0,0,0,0,0,1,0,0,0,0,0,1,0,0,0,0,0,1,160,1311.473006
summernote,60.77777778,35925.07639,1.555555556,0.928571429,0.008115533,990,0.000114938,177,95,0,0,0,0,0,0,0,1,0,0,0,0,0,0,0,0,0,0,1,1,160,683.2985428
python-telegram-bot,50.02777778,31785.31481,1.555555556,1,0.011319149,376,0.000931498,101,53,0,0,0,1,0,0,0,0,0,0,0,0,0,0,1,0,0,0,0,0,47,879.4678704
sarama,38.19444444,21265.65278,1,0.75,0.031873016,126,0.003070101,36,22,0,0,0,0,1,0,0,0,0,0,0,0,0,1,0,0,0,0,0,0,40,1000.043154
hexo,53.47222222,35742.15025,2.333333333,0.964285714,0.005840904,904,0.000270255,201,139,0,0,0,0,0,0,0,1,0,0,0,0,0,1,0,0,0,0,0,1,78,630.436126
wekan,14.55555556,14541.97222,0.777777778,0.607142857,0.024330611,450,0.000142231,56,57,0,0,0,0,0,0,0,1,0,0,0,0,0,0,0,1,0,0,0,1,29,712.6132996
PeerTube,81.11111111,26337.05324,0.805555556,1.068965517,0.019142465,410,0.000294552,64,40,0,0,0,0,0,0,0,1,0,0,0,1,0,0,0,0,0,0,0,1,15,965.3161497
reveal.js,39.5,21909.34491,0.972222222,0.885714286,0.00908995,436,0.000860774,145,50,0,0,0,0,0,0,0,1,0,0,0,0,0,0,0,0,0,0,1,1,141,728.094804
gym,27.33333333,20800.99795,1.833333333,0.621212121,0.009411592,825,0.000147864,143,91,0,0,0,1,0,0,0,0,0,0,0,0,0,0,1,0,0,0,0,0,39,1503.246525
fairseq,40.13888889,33823.71679,2.25,1.074074074,0.005944647,869,0.000290138,197,116,0,0,0,1,0,0,0,0,0,0,0,0,0,0,1,0,0,0,0,0,7,1523.28594
outline,55.38888889,19264.64583,0.75,1.037037037,0.045454545,89,0.004340828,25,9,0,0,0,0,0,0,0,1,0,0,0,0,0,0,0,0,1,0,0,1,13,1305.074835
junit4,15.55555556,17506.59722,0.861111111,0.64516129,0.044444444,180,0.000617568,48,18,0,0,0,0,0,0,1,0,0,0,0,0,0,1,0,0,0,0,0,0,31,72.44995756
capstone,92.44444444,20176.20833,1.166666667,0.571428571,0.017743702,166,0.003356587,72,24,0,0,0,0,0,1,0,0,0,0,0,0,1,0,0,0,0,0,0,0,108,491.0732433
evergreen,18.11111111,22864.83333,0.888888889,0.875,0.046349206,126,0.001695714,21,15,0,0,0,0,0,0,0,1,0,0,0,0,0,1,0,0,0,0,0,0,13,1618.726315
eureka,25.41666667,7324.388889,0.25,0.888888889,0.085585586,37,0.016734509,10,5,0,0,0,0,0,0,1,0,0,0,0,1,0,0,0,0,0,0,0,0,52,474.5074664
postcss,62.63888889,24850.63426,1.083333333,1.025641026,0.029000486,257,0.000503374,57,25,0,0,0,0,0,0,0,1,0,0,0,0,0,1,0,0,0,0,0,1,186,775.239919
nw.js,48.80555556,22894.93322,3.333333333,0.933333333,0.006728984,1537,4.63E-05,199,161,0,0,0,0,0,0,0,1,0,0,0,0,0,1,0,0,0,0,0,0,49,366.5350473
socket.io,28.58333333,19603.58135,1.833333333,0.621212121,0.01001327,859,0.00011801,121,70,0,0,0,0,0,0,0,1,0,0,0,1,0,0,0,0,0,0,0,0,49,403.1900567
kompose,33.88888889,37077.56481,0.972222222,1.057142857,0.044396393,209,0.00043568,15,35,0,0,0,0,1,0,0,0,0,0,0,0,0,0,0,0,0,0,1,0,49,1099.741095
nvd3,47.72222222,19317.46991,1.555555556,0.625,0.012141511,562,0.000276695,100,74,0,0,0,0,0,0,0,1,0,0,0,0,0,0,0,1,0,0,0,0,156,691.7925334
react-native-gifted-chat,21.58333333,16583.31944,1.083333333,0.512820513,0.008909321,665,0.000314481,88,76,0,0,0,0,0,0,0,1,0,0,0,0,0,0,1,0,0,0,0,1,63,1442.079454
powerline,67.91666667,28241.96065,1.111111111,1.175,0.008225631,573,0.000491803,179,60,0,0,0,1,0,0,0,0,0,0,0,0,0,0,0,0,0,0,1,0,56,864.0059805
codimd,45.47222222,14536.75,0.75,1,0.021472989,249,0.00090331,80,32,0,0,0,0,0,0,0,1,0,0,0,0,0,0,0,1,0,0,0,0,68,1050.21435
elasticsearch-js,29.22222222,13861.09722,1.222222222,0.704545455,0.021667895,313,0.000477906,87,33,0,0,0,0,0,0,0,1,0,0,0,0,0,1,0,0,0,0,0,0,61,1096.993811
koa,23.5,18616.70833,1.527777778,1,0.03864704,310,0.000177205,20,38,0,0,0,0,0,0,0,1,0,0,0,1,0,0,0,0,0,0,0,1,76,926.4001586
mjml,49.72222222,37513.57315,1.75,1.301587302,0.007609141,763,0.000270424,164,132,0,0,0,0,0,0,0,1,0,0,0,0,0,1,0,0,0,0,0,0,65,1275.075278
feathers,9.444444444,9893.819444,0.416666667,0.866666667,0.056737589,94,0.002707685,16,19,0,0,0,0,0,0,0,1,0,0,0,0,0,1,0,0,0,0,0,1,12,855.2747433
next-auth,19.41666667,7955.618056,0.722222222,0.653846154,0.01187874,473,0.000476845,84,56,0,0,0,0,0,0,0,1,0,0,0,0,1,0,0,0,0,0,0,1,13,1473.41023
streisand,23.55555556,16541.78056,1.277777778,0.673913043,0.015878005,415,0.000401664,73,66,0,0,0,0,0,0,0,0,0,1,0,1,0,0,0,0,0,0,0,0,57,1115.447728
polybar,42.41666667,28114.46019,2.583333333,0.978494624,0.005757602,904,0.000264093,267,104,0,1,0,0,0,0,0,0,0,0,0,0,0,0,0,0,0,0,1,1,11,1357.298476
nopCommerce,135.8055556,24181.53796,1.861111111,0.970149254,0.016071066,372,0.000520564,87,42,1,0,0,0,0,0,0,0,0,0,0,0,0,0,0,0,1,0,0,0,43,1117.459144
PocketHub,64.80555556,10764.01389,0.722222222,0.538461538,0.030967885,233,0.000601073,44,26,0,0,0,0,0,0,1,0,0,0,0,0,0,0,0,0,0,1,0,0,38,318.81341
compiler,88.80555556,25615.8918,2.416666667,0.896551724,0.030344828,175,0.001402806,38,28,0,0,0,0,0,0,0,0,0,1,0,0,0,1,0,0,0,0,0,0,64,551.1902242
Humanizer,38.75,17978.11111,0.5,1.166666667,0.031449126,140,0.002563398,25,30,1,0,0,0,0,0,0,0,0,0,0,0,0,1,0,0,0,0,0,0,95,846.3517656
swiper,8.805555556,21027.20422,1.888888889,1.044117647,0.00376878,595,0.001235283,316,64,0,0,0,0,0,0,0,1,0,0,0,0,0,0,0,0,0,1,0,1,56,503.3577431
react-big-calendar,11.52777778,19952.42593,1.333333333,0.8125,0.008493258,572,0.000510144,113,71,0,0,0,0,0,0,0,1,0,0,0,0,0,1,0,0,0,0,0,0,29,1160.736765
oauth2-server,31.58333333,10542.86574,0.472222222,0.941176471,0.024451098,168,0.002237673,45,13,0,0,0,0,0,0,0,0,1,0,0,1,0,0,0,0,0,0,0,1,62,664.8158459
jasmine,14.52777778,7269.430556,0.805555556,0.620689655,0.024774612,236,0.000889371,42,23,0,0,0,0,0,0,0,1,0,0,0,0,0,1,0,0,0,0,0,0,62,505.0735541
serving,94.44444444,28826.48852,2.694444444,0.907216495,0.010071952,942,9.06E-05,95,90,0,1,0,0,0,0,0,0,0,0,0,0,0,0,1,0,0,0,0,0,46,1040.140919
snabbdom,10.36111111,7705.583333,0.583333333,0.523809524,0.052743407,127,0.001262727,22,18,0,0,0,0,0,0,0,1,0,0,0,0,0,1,0,0,0,0,0,0,63,1228.583123
webpack,14.94444444,22061.94398,2.138888889,1,0.007936276,1014,0.000112727,166,124,0,0,0,0,0,0,0,1,0,0,0,0,0,1,0,0,0,0,0,0,27,1283.06676
koel,39.88888889,25273.34722,1.111111111,1.1,0.015280025,392,0.000502162,80,62,0,0,0,0,0,0,0,0,1,0,0,0,0,0,0,0,1,0,0,1,31,1150.018823
CNTK,356.5833333,37579.04597,5.944444444,1.102803738,0.007323054,1071,0.000111069,189,166,0,1,0,0,0,0,0,0,0,0,0,0,0,0,1,0,0,0,0,0,170,522.9984107
jedi,100.0833333,24347.57639,1.25,0.844444444,0.028256071,151,0.002362956,38,13,0,0,0,1,0,0,0,0,0,0,0,0,0,1,0,0,0,0,0,1,40,813.0136205
bluebird,54.27777778,21237.09028,2.277777778,0.987804878,0.011090473,610,0.000257066,119,90,0,0,0,0,0,0,0,1,0,0,0,0,0,1,0,0,0,0,0,0,123,1039.858829
js-beautify,11.13888889,1567.111111,0.166666667,0.666666667,0.045454545,33,0.042307692,16,4,0,0,0,0,0,0,0,1,0,0,0,0,0,1,0,0,0,0,0,0,22,298.9568711
wren,32.83333333,9189.569444,0.416666667,1,0.106256942,74,0.001718093,7,6,0,0,0,0,0,0,0,0,0,1,0,0,0,1,0,0,0,0,0,0,59,1010.510996
lottie-android,31.61111111,32100.49306,2,0.972222222,0.005378982,664,0.000683887,210,111,0,0,0,0,0,0,1,0,0,0,0,0,0,0,0,0,0,1,0,1,5,1451.00503
standard,33.91666667,31990.41528,1.833333333,0.954545455,0.015089624,583,0.0001661,90,79,0,0,0,0,0,0,0,1,0,0,0,0,0,1,0,0,0,0,0,1,82,1406.76311
zap,10.27777778,15197.16667,0.555555556,0.85,0.027987013,176,0.001530967,49,13,0,0,0,0,1,0,0,0,0,0,0,0,0,0,0,0,0,0,1,0,6,1628.903645
transmission,13.27777778,18677.7037,0.861111111,0.806451613,0.014303606,390,0.000546666,109,37,0,1,0,0,0,0,0,0,0,0,0,0,0,0,0,1,0,0,0,0,41,1876.830527
hyperapp,30.02777778,25095.74074,0.722222222,1.115384615,0.044274258,279,0.000184835,21,37,0,0,0,0,0,0,0,1,0,0,0,0,0,1,0,0,0,0,0,1,21,1779.0866
laravel-ide-helper,9.916666667,8157.513889,0.611111111,0.590909091,0.021569603,246,0.000947758,72,32,0,0,0,0,0,0,0,0,1,0,0,0,0,1,0,0,0,0,0,1,49,677.4353076
tree-sitter,35.63888889,8250.875,0.305555556,0.818181818,0.056980057,27,0.048128342,14,2,0,0,0,0,0,0,0,0,0,1,0,0,0,1,0,0,0,0,0,0,14,1575.331328
jsoneditor,10.86111111,19864.69444,0.666666667,0.833333333,0.01557712,89,0.013577422,54,18,0,0,0,0,0,0,0,1,0,0,0,0,0,1,0,0,0,0,0,1,14,451.9309905
asdf,19.05555556,13886.58333,0.388888889,0.928571429,0.044342508,109,0.002790579,19,21,0,0,0,0,0,0,0,0,0,1,0,0,0,1,0,0,0,0,0,0,52,1473.320742
WLED,31.72222222,21602.02546,1.083333333,0.974358974,0.008486395,1006,0.000102039,149,143,0,1,0,0,0,0,0,0,0,0,0,1,0,0,0,0,0,0,0,1,66,1293.19833
hug,54.97222222,20005.90278,0.861111111,0.870967742,0.025998807,130,0.004078048,35,22,0,0,0,1,0,0,0,0,0,0,0,0,0,1,0,0,0,0,0,1,13,1269.904313
ts-node,10.44444444,25980.6412,1.666666667,0.916666667,0.011450595,423,0.000657297,113,40,0,0,0,0,0,0,0,1,0,0,0,0,0,1,0,0,0,0,0,1,6,1036.72786
connect,63.16666667,22917.75093,1.527777778,0.745454545,0.012735327,301,0.001347082,94,42,0,0,0,0,0,0,0,1,0,0,0,1,0,0,0,0,0,0,0,0,78,487.4286757
redisson,71.91666667,29172.125,0.972222222,0.885714286,0.012651461,184,0.004452187,75,33,0,0,0,0,0,0,1,0,0,0,0,1,0,0,0,0,0,0,0,0,46,822.4390054
faiss,7.361111111,32860.33981,2.416666667,1.08045977,0.00746727,574,0.000598902,158,87,0,1,0,0,0,0,0,0,0,0,0,0,0,0,1,0,0,0,0,0,8,1183.489515
PyMySQL,9.611111111,2781.75,0.333333333,0.833333333,0.038095238,85,0.006206645,30,8,0,0,0,1,0,0,0,0,0,0,0,0,0,0,0,1,0,0,0,1,32,513.9626249
fresco,44.30555556,36148.93935,1.805555556,1.169230769,0.007028049,1233,8.08E-05,187,134,0,0,0,0,0,0,1,0,0,0,0,0,0,0,0,0,0,1,0,0,17,1116.902207
linaria,14.11111111,17171.22222,0.722222222,0.730769231,0.050080638,154,0.00080775,28,24,0,0,0,0,0,0,0,1,0,0,0,0,0,1,0,0,0,0,0,0,6,1518.989525
acts-as-taggable-on,10.72222222,11764.66898,0.611111111,0.954545455,0.022653488,167,0.002513924,48,20,0,0,1,0,0,0,0,0,0,0,0,0,0,1,0,0,0,0,0,0,29,239.5758787
SwiftGen,30.77777778,13039.59722,0.666666667,1.083333333,0.026795955,139,0.00314103,41,27,0,0,0,0,0,0,0,0,0,1,0,0,0,1,0,0,0,0,0,0,40,1353.817037
react-modal,8.666666667,9684.12963,0.777777778,0.714285714,0.017208295,360,0.000532778,51,40,0,0,0,0,0,0,0,1,0,0,0,0,0,1,0,0,0,0,0,0,30,995.6419882
vue-multiselect,9.833333333,18303.28009,1.361111111,0.795918367,0.006888705,650,0.000507495,148,103,0,0,0,0,0,0,0,1,0,0,0,0,0,1,0,0,0,0,0,1,17,1182.190514
dompdf,8.333333333,23317.65278,1.111111111,0.7,0.011536423,222,0.002972246,104,17,0,0,0,0,0,0,0,0,1,0,0,0,0,0,0,1,0,0,0,0,35,663.6366005
oauth2_proxy,6.083333333,5905.333333,0.277777778,0.9,0.047186933,58,0.010422282,28,2,0,0,0,0,1,0,0,0,0,0,0,0,1,0,0,0,0,0,0,0,37,959.9444627
cancancan,8.944444444,14082.08333,0.666666667,0.541666667,0.018968817,189,0.002453653,53,29,0,0,1,0,0,0,0,0,0,0,0,0,1,0,0,0,0,0,0,1,49,1353.366062
popmotion,48.77777778,7179.805556,0.416666667,0.666666667,0.018357488,46,0.034690799,33,5,0,0,0,0,0,0,0,1,0,0,0,0,0,1,0,0,0,0,0,0,9,1044.049169
node-fs-extra,17.25,12605.20833,0.611111111,0.5,0.018666667,126,0.006331658,53,19,0,0,0,0,0,0,0,1,0,0,0,0,0,1,0,0,0,0,0,0,37,891.5077789
react-draft-wysiwyg,21.36111111,17255.70602,0.75,1.037037037,0.013528451,289,0.001496394,60,38,0,0,0,0,0,0,0,1,0,0,0,0,0,0,0,0,0,0,1,1,54,1211.188061
mosh,20.61111111,11723.23611,0.444444444,1,0.026041214,372,0.000219158,46,39,0,1,0,0,0,0,0,0,0,0,0,1,0,0,0,0,0,0,0,0,17,547.9041127
choco,64.55555556,22084.46296,1.111111111,1.2,0.009738914,381,0.001099478,128,52,1,0,0,0,0,0,0,0,0,0,1,0,0,0,0,0,0,0,0,0,18,1156.409913
watchtower,3.972222222,1919.527778,0.416666667,0.266666667,0.023602863,199,0.0015762,38,27,0,0,0,0,1,0,0,0,0,0,0,0,0,1,0,0,0,0,0,0,14,1092.483533
autoprefixer,46.75,29788.53704,1.25,1.066666667,0.011293222,339,0.001118697,132,35,0,0,0,0,0,0,0,1,0,0,0,0,0,1,0,0,0,0,0,1,100,724.1855624
express-validator,4.444444444,3481.944444,0.194444444,0.571428571,0.05075188,57,0.010850942,22,5,0,0,0,0,0,0,0,1,0,0,0,0,0,1,0,0,0,0,0,1,31,422.174354
compromise,45.75,6330.222222,0.305555556,0.636363636,0.030505051,100,0.005286809,44,6,0,0,0,0,0,0,0,1,0,0,0,0,0,0,1,0,0,0,0,0,50,844.0669636
ImageMagick,128.1388889,22559.37963,1.166666667,0.880952381,0.011250393,383,0.000837257,135,50,0,0,0,0,0,1,0,0,0,0,0,0,0,0,0,1,0,0,0,1,13,1300.166566
goaccess,47.55555556,26174.26389,1.361111111,0.959183673,0.008856346,240,0.003386196,123,28,0,0,0,0,0,1,0,0,0,0,0,0,0,0,0,0,0,0,1,1,34,766.0266217
loadable-components,10.91666667,17162.9537,0.75,1.037037037,0.017228029,288,0.000967722,60,59,0,0,0,0,0,0,0,1,0,0,0,0,0,1,0,0,0,0,0,1,10,1878.828673
faust,92.72222222,20622.88889,0.722222222,0.961538462,0.027363476,131,0.003661468,35,18,0,0,0,1,0,0,0,0,0,0,0,0,0,0,0,1,0,0,0,0,68,1514.671202
whenever,5.722222222,11249.28241,0.527777778,0.947368421,0.01682075,177,0.003280451,67,22,0,0,1,0,0,0,0,0,0,0,0,0,0,1,0,0,0,0,0,0,21,305.2850846
react-slingshot,18.88888889,23200.65185,1.027777778,1.054054054,0.020069204,290,0.000724882,54,48,0,0,0,0,0,0,0,1,0,0,0,0,0,1,0,0,0,0,0,0,57,1134.429798
chi,13.36111111,4151.083333,0.25,0.888888889,0.026092629,147,0.002898208,39,20,0,0,0,0,1,0,0,0,0,0,0,1,0,0,0,0,0,0,0,1,29,1587.535701
http-server,3.111111111,0,0.027777778,0,0.071982281,43,0.016823161,8,6,0,0,0,0,0,0,0,1,0,0,0,1,0,0,0,0,0,0,0,1,20,637.7554475
pickadate.js,18.83333333,28518.64444,1.416666667,0.882352941,0.011972556,402,0.000724414,89,46,0,0,0,0,0,0,0,1,0,0,0,0,0,1,0,0,0,0,0,0,53,562.4625805
Starscream,10.08333333,9300.055556,0.444444444,0.9375,0.017432291,164,0.003705963,66,25,0,0,0,0,0,0,0,0,0,1,0,1,0,0,0,0,0,0,0,0,67,993.806749
Gooey,11.36111111,9624.680556,0.472222222,0.588235294,0.047548916,98,0.002955992,32,6,0,0,0,1,0,0,0,0,0,0,0,0,0,1,0,0,0,0,0,0,40,909.6613094
dotenv,7.472222222,6598,0.25,1,0.034525386,151,0.001757756,24,17,0,0,1,0,0,0,0,0,0,0,0,0,0,1,0,0,0,0,0,0,50,1185.876708
annoy,8.861111111,262.3611111,0.111111111,1,0.063829787,48,0.012257406,17,8,0,1,0,0,0,0,0,0,0,0,0,0,0,0,0,1,0,0,0,0,26,709.900952
sigma.js,14.83333333,11251.50694,0.833333333,0.5,0.022022602,204,0.001577897,51,29,0,0,0,0,0,0,0,1,0,0,0,1,0,0,0,0,0,0,0,0,48,680.8894039
np,4.305555556,8767.875,0.555555556,0.75,0.032972441,128,0.002797631,35,19,0,0,0,0,0,0,0,1,0,0,0,0,0,1,0,0,0,0,0,1,6,1258.356403
travis-ci,91.16666667,29754.13102,1.777777778,1.109375,0.006595579,1335,7.23E-05,197,173,0,0,0,0,0,0,0,0,0,1,0,0,0,0,0,0,0,0,1,0,90,796.1595912
better_errors,11.97222222,16463.07176,1.388888889,0.96,0.025624274,288,0.000480829,36,27,0,0,1,0,0,0,0,0,0,0,0,0,0,0,0,0,0,0,1,0,61,1072.926104
fabio,24.52777778,25430.31944,0.722222222,1.076923077,0.021086284,243,0.001022276,70,33,0,0,0,0,1,0,0,0,0,0,0,1,0,0,0,0,0,0,0,0,30,1284.659171
sentencepiece,14.38888889,13703.81944,0.805555556,0.896551724,0.017202084,272,0.001074606,78,25,0,1,0,0,0,0,0,0,0,0,0,0,0,0,1,0,0,0,0,0,22,1703.585913
FLEX,11.88888889,10447.125,0.361111111,0.769230769,0.041403509,76,0.007179972,28,5,0,0,0,0,0,0,0,0,0,1,0,0,0,0,0,0,0,1,0,1,42,1230.448255
xbar,16.66666667,4879.101852,0.416666667,0.666666667,0.042999656,153,0.001087304,29,16,0,0,0,0,1,0,0,0,0,0,0,0,0,0,0,0,0,0,1,1,64,923.6977298
slim,37.22222222,19507.11111,0.861111111,1,0.02370438,199,0.001469068,54,37,0,0,1,0,0,0,0,0,0,0,0,0,0,1,0,0,0,0,0,1,31,541.2498859
SwiftFormat,25.13888889,12412.99074,0.861111111,0.838709677,0.009784593,166,0.005986296,102,17,0,0,0,0,0,0,0,0,0,1,0,0,0,1,0,0,0,0,0,0,10,1632.162965
lottie-react-native,11.63888889,24355.94136,1.111111111,1.25,0.011682478,869,8.79E-05,44,63,0,0,0,0,0,0,0,0,0,1,0,0,0,1,0,0,0,0,0,0,46,1717.673123
colorbox,2.416666667,4466.75,0.166666667,0.666666667,0.021709634,67,0.020174646,35,8,0,0,0,0,0,0,0,1,0,0,0,0,0,1,0,0,0,0,0,0,2,175.3482639
Tone.js,64.41666667,4548.205556,0.361111111,0.923076923,0.023859649,76,0.01315334,40,6,0,0,0,0,0,0,0,1,0,0,0,0,0,1,0,0,0,0,0,0,14,938.8676864
type-graphql,20.47222222,23831.34954,1.388888889,0.98,0.009598575,427,0.000841333,135,50,0,0,0,0,0,0,0,1,0,0,0,0,0,1,0,0,0,0,0,1,4,1655.229415
es6-promise,8.055555556,10121.97222,0.305555556,0.909090909,0.038473569,139,0.001715986,34,21,0,0,0,0,0,0,0,1,0,0,0,0,0,1,0,0,0,0,0,0,32,1469.142049
appirater,5.5,5800.277778,0.138888889,0.8,0.060655738,61,0.007870968,14,8,0,0,0,0,0,0,0,0,0,1,0,0,0,0,0,0,0,1,0,0,66,650.555176
twirp,12.83333333,7586.777778,0.5,0.611111111,0.068376068,91,0.002028986,20,11,0,0,0,0,1,0,0,0,0,0,0,1,0,0,0,0,0,0,0,0,44,2199.309313
redux-offline,9.277777778,11838.90278,0.388888889,1,0.027752782,206,0.001049676,41,33,0,0,0,0,0,0,0,1,0,0,0,0,0,1,0,0,0,0,0,0,25,1394.268397
togetherjs,45.02777778,12725.21096,0.638888889,1.434782609,0.03907048,89,0.005344382,28,5,0,0,0,0,0,0,0,1,0,0,0,0,0,0,0,0,0,0,1,0,44,1134.033815
node.bcrypt.js,5.638888889,16927.05509,1.111111111,1,0.026668848,192,0.00135423,44,27,0,1,0,0,0,0,0,0,0,0,0,0,1,0,0,0,0,0,0,0,15,517.9504136
Goutte,4.722222222,3203.361111,0.055555556,1,0.098461538,26,0.028792913,11,0,0,0,0,0,0,0,0,0,1,0,0,0,0,0,0,1,0,0,0,0,35,382.6258204
flexboxfroggy,11.02777778,0,0.027777778,0,0.122689076,35,0.009575923,13,3,0,0,0,0,0,0,0,1,0,0,0,0,0,0,0,0,0,0,1,0,55,1013.114958
Hero,12.72222222,14414.6599,1.583333333,0.666666667,0.010763375,498,0.000488773,94,61,0,0,0,0,0,0,0,0,0,1,0,0,0,0,0,0,0,1,0,0,10,1662.686968
oh-my-posh2,4.027777778,6374.673611,0.527777778,0.736842105,0.021422663,156,0.003697121,32,23,0,0,0,0,0,0,0,0,0,1,0,0,0,0,0,0,0,0,1,1,2,1901.423754
peerflix,13.19444444,2084.119444,0.222222222,1,0.039409823,102,0.003873173,27,13,0,0,0,0,0,0,0,1,0,0,0,0,0,0,0,0,0,0,1,1,52,708.5742923
javacv,5.722222222,24518.93287,1.527777778,1,0.009550508,382,0.0010738,149,32,0,0,0,0,0,0,1,0,0,0,0,0,0,0,1,0,0,0,0,0,26,773.5851931
pytorch-CycleGAN-and-pix2pix,12.19444444,29404.65873,1.416666667,0.980392157,0.007887409,516,0.000706621,161,81,0,0,0,1,0,0,0,0,0,0,0,0,0,0,1,0,0,0,0,0,26,1091.128552
